# 初始化测试用户信息
INSERT INTO user (user_id, nickname, avatar, mbti, sex, age, area, intro)
VALUES ('u1', 'user1', 'http://127.0.0.1:8080/image/user-avatar/test1.png', 'INTJ', 0, 20,
        '上海 闵行', '用户签名'),
       ('u2', 'user2', 'http://127.0.0.1:8080/image/user-avatar/test1.png', 'INTP', 1, 20,
        '上海 黄埔', '用户签名'),
       ('u3', 'user3', 'http://127.0.0.1:8080/image/user-avatar/test1.png', 'ENTJ', 0, 20,
        '上海 徐汇', '用户签名'),
       ('u4', 'user4', 'http://127.0.0.1:8080/image/user-avatar/test1.png', 'ENTP', 1, 20,
        '上海 杨浦', '用户签名'),
       ('u5', 'user5', 'http://127.0.0.1:8080/image/user-avatar/test1.png', 'ISTJ', 0, 20,
        '上海 静安', '用户签名'),
       ('u6', 'user6', 'http://127.0.0.1:8080/image/user-avatar/test1.png', 'ISTP', 1, 20,
        '上海 浦东', '用户签名'),
       ('u7', 'user7', 'http://127.0.0.1:8080/image/user-avatar/test1.png', 'ESTJ', 0, 20,
        '上海 松江', '用户签名'),
       ('u8', 'user8', 'http://127.0.0.1:8080/image/user-avatar/test1.png', 'ESTP', 1, 20,
        '上海 嘉定', '用户签名'),
       ('u9', 'user9', 'http://127.0.0.1:8080/image/user-avatar/test1.png', 'INFJ', 0, 20,
        '上海 奉贤', '用户签名'),
       ('u10', 'user10', 'http://127.0.0.1:8080/image/user-avatar/test1.png', 'INFP', 1, 20,
        '上海 青浦', '用户签名'),
       ('u11', 'user11', 'http://127.0.0.1:8080/image/user-avatar/test1.png', 'ENFJ', 0, 20,
        '上海 金山', '用户签名'),
       ('u12', 'user12', 'http://127.0.0.1:8080/image/user-avatar/test1.png', 'ENFP', 1, 20,
        '上海 宝山', '用户签名'),
       ('u13', 'user13', 'http://127.0.0.1:8080/image/user-avatar/test1.png', 'ISFJ', 0, 20,
        '上海 闵行', '用户签名'),
       ('u14', 'user14', 'http://127.0.0.1:8080/image/user-avatar/test1.png', 'ISFP', 1, 20,
        '上海 闵行', '用户签名'),
       ('u15', 'user15', 'http://127.0.0.1:8080/image/user-avatar/test1.png', 'ESFJ', 0, 20,
        '上海 闵行', '用户签名'),
       ('u16', 'user16', 'http://127.0.0.1:8080/image/user-avatar/test1.png', 'ESFP', 1, 20,
        '上海 闵行', '用户签名'),
       ('u17', 'user17', 'http://127.0.0.1:8080/image/user-avatar/test1.png', 'NONE', -1, 20,
        '上海 闵行', '用户签名'),
       ('u18', 'user18', 'http://127.0.0.1:8080/image/user-avatar/test1.png', 'NONE', -1, 20,
        '上海 闵行', '用户签名'),
       ('u19', 'user19', 'http://127.0.0.1:8080/image/user-avatar/test1.png', 'INTJ', -1, 20,
        '上海 闵行', '用户签名'),
       ('u20', 'user20', 'http://127.0.0.1:8080/image/user-avatar/test1.png', 'INTJ', -1, 20,
        '上海 闵行', '用户签名');

# 初始化测试用户密码表
INSERT INTO user_auth (user_id, password)
VALUES ('u1', 'abc'),
       ('u2', 'abc'),
       ('u3', 'abc'),
       ('u4', 'abc'),
       ('u5', 'abc'),
       ('u6', 'abc'),
       ('u7', 'abc'),
       ('u8', 'abc'),
       ('u9', 'abc'),
       ('u10', 'abc'),
       ('u11', 'abc'),
       ('u12', 'abc'),
       ('u13', 'abc'),
       ('u14', 'abc'),
       ('u15', 'abc'),
       ('u16', 'abc'),
       ('u17', 'abc'),
       ('u18', 'abc'),
       ('u19', 'abc'),
       ('u20', 'abc');

# 初始化测试关注信息
INSERT INTO follow (followee_id, follower_id)
VALUES ('u1', 'u2'),
       ('u1', 'u3'),
       ('u1', 'u4'),
       ('u1', 'u5'),
       ('u1', 'u6'),
       ('u1', 'u7'),
       ('u2', 'u1'),
       ('u2', 'u3'),
       ('u2', 'u4'),
       ('u2', 'u5'),
       ('u2', 'u6'),
       ('u2', 'u7'),
       ('u3', 'u1'),
       ('u3', 'u2'),
       ('u3', 'u4'),
       ('u3', 'u5'),
       ('u3', 'u6'),
       ('u3', 'u7'),
       ('u4', 'u5'),
       ('u4', 'u6'),
       ('u4', 'u7'),
       ('u5', 'u6'),
       ('u5', 'u7'),
       ('u6', 'u7');

# 初始化测试帖子信息
INSERT INTO post (user_id, title, cover, content, mbti, watch, share)
VALUES ('u1', '帖子1', 'http://127.0.0.1:8080/image/post-cover/test1.png', '这是一个帖子', 'INTJ',
        10, 6),
       ('u1', '帖子2', 'http://127.0.0.1:8080/image/post-cover/test1.png', '这是一个帖子', 'INTP',
        10, 5),
       ('u1', '帖子3', 'http://127.0.0.1:8080/image/post-cover/test1.png', '这是一个帖子', 'ENTJ',
        10, 4),
       ('u1', '帖子4', 'http://127.0.0.1:8080/image/post-cover/test1.png', '这是一个帖子', 'ENTP',
        10, 4),
       ('u1', '帖子5', 'http://127.0.0.1:8080/image/post-cover/test1.png', '这是一个帖子', 'ISTJ',
        10, 3),
       ('u2', '帖子6', 'http://127.0.0.1:8080/image/post-cover/test1.png', '这是一个帖子', 'ISTP',
        10, 3),
       ('u3', '帖子7', 'http://127.0.0.1:8080/image/post-cover/test1.png', '这是一个帖子', 'ESTJ',
        10, 2),
       ('u4', '帖子8', 'http://127.0.0.1:8080/image/post-cover/test1.png', '这是一个帖子', 'ESTP',
        10, 2),
       ('u5', '帖子9', 'http://127.0.0.1:8080/image/post-cover/test1.png', '这是一个帖子', 'INFJ',
        10, 1),
       ('u6', '帖子10', 'http://127.0.0.1:8080/image/post-cover/test1.png', '这是一个帖子', 'INFP',
        10, 1),
       ('u7', '帖子11', 'http://127.0.0.1:8080/image/post-cover/test1.png', '这是一个帖子', 'ENFJ',
        10, 0),
       ('u8', '帖子12', 'http://127.0.0.1:8080/image/post-cover/test1.png', '这是一个帖子', 'ENFP',
        10, 0),
       ('u9', '帖子13', 'http://127.0.0.1:8080/image/post-cover/test1.png', '这是一个帖子', 'ISTJ',
        10, 0),
       ('u10', '帖子14', 'http://127.0.0.1:8080/image/post-cover/test1.png', '这是一个帖子', 'ISFJ',
        10, 0),
       ('u11', '帖子15', 'http://127.0.0.1:8080/image/post-cover/test1.png', '这是一个帖子', 'ESTJ',
        10, 0),
       ('u12', '帖子16', 'http://127.0.0.1:8080/image/post-cover/test1.png', '这是一个帖子', 'ESFJ',
        10, 0),
       ('u13', '帖子17', '', '这是一个帖子', 'ISTP',
        10, 0),
       ('u14', '帖子18', 'http://127.0.0.1:8080/image/post-cover/test1.png', '这是一个帖子', 'ISFP',
        10, 0),
       ('u15', '帖子19', '', '这是一个帖子', 'ESTP',
        10, 0),
       ('u16', '帖子20', 'http://127.0.0.1:8080/image/post-cover/test1.png', '这是一个帖子', 'ESFP',
        10, 0);

# 初始化模拟分类表
INSERT INTO category (category)
VALUES ('生活'),
       ('美食'),
       ('游戏');

# 初始化模拟帖子分类表
INSERT INTO post_category (post_id, category)
VALUES (1, '生活'),
       (2, '生活'),
       (3, '生活'),
       (4, '生活'),
       (5, '生活'),
       (6, '生活'),
       (7, '生活'),
       (8, '生活'),
       (9, '生活'),
       (10, '生活'),
       (6, '美食'),
       (7, '美食'),
       (8, '美食'),
       (9, '美食'),
       (10, '美食'),
       (11, '美食'),
       (12, '美食'),
       (13, '美食'),
       (14, '美食'),
       (15, '美食'),
       (11, '游戏'),
       (12, '游戏'),
       (13, '游戏'),
       (14, '游戏'),
       (15, '游戏'),
       (16, '游戏'),
       (17, '游戏'),
       (18, '游戏'),
       (19, '游戏'),
       (20, '游戏');

# 初始化模拟点赞信息
INSERT INTO post_like (user_id, post_id)
VALUES ('u1', 1),
       ('u1', 2),
       ('u1', 3),
       ('u1', 4),
       ('u1', 5),
       ('u1', 6),
       ('u1', 7),
       ('u1', 8),
       ('u1', 9),
       ('u1', 10),
       ('u2', 1),
       ('u2', 2),
       ('u2', 3),
       ('u2', 4),
       ('u2', 5),
       ('u2', 6),
       ('u2', 7),
       ('u2', 8),
       ('u3', 1),
       ('u3', 2),
       ('u3', 3),
       ('u3', 4),
       ('u3', 5),
       ('u3', 6),
       ('u4', 1),
       ('u4', 2),
       ('u4', 3),
       ('u4', 4),
       ('u5', 1),
       ('u5', 2),
       ('u6', 1);

# 初始化模拟收藏信息
INSERT INTO collect (user_id, post_id)
VALUES ('u1', 1),
       ('u1', 2),
       ('u1', 3),
       ('u1', 4),
       ('u1', 5),
       ('u1', 6),
       ('u1', 7),
       ('u1', 8),
       ('u1', 9),
       ('u1', 10),
       ('u2', 1),
       ('u2', 2),
       ('u2', 3),
       ('u2', 4),
       ('u2', 5),
       ('u2', 6),
       ('u2', 7),
       ('u2', 8),
       ('u3', 1),
       ('u3', 2),
       ('u3', 3),
       ('u3', 4),
       ('u3', 5),
       ('u3', 6),
       ('u4', 1),
       ('u4', 2),
       ('u4', 3),
       ('u4', 4),
       ('u5', 1),
       ('u5', 2),
       ('u6', 1);

# 初始化模拟评论信息
INSERT INTO comment (post_id, user_id, content)
VALUES (1, 'u1', '评论1'),
       (2, 'u1', '评论2'),
       (3, 'u1', '评论3'),
       (4, 'u1', '评论4'),
       (5, 'u1', '评论5'),
       (6, 'u1', '评论6'),
       (7, 'u1', '评论7'),
       (8, 'u1', '评论8'),
       (9, 'u1', '评论9'),
       (10, 'u1', '评论10'),
       (1, 'u2', '评论11'),
       (2, 'u2', '评论12'),
       (3, 'u2', '评论13'),
       (4, 'u2', '评论14'),
       (5, 'u2', '评论15'),
       (6, 'u2', '评论16'),
       (7, 'u2', '评论17'),
       (8, 'u2', '评论18'),
       (1, 'u3', '评论19'),
       (2, 'u3', '评论20'),
       (3, 'u3', '评论21'),
       (4, 'u3', '评论22'),
       (5, 'u3', '评论23'),
       (6, 'u3', '评论24'),
       (1, 'u4', '评论25'),
       (2, 'u4', '评论26'),
       (3, 'u4', '评论27'),
       (4, 'u4', '评论28'),
       (1, 'u5', '评论29'),
       (2, 'u5', '评论30'),
       (1, 'u6', '评论31');

# 初始化模拟评论点赞信息
INSERT INTO comment_like (user_id, comment_id)
VALUES ('u1', 1),
       ('u1', 2),
       ('u1', 3),
       ('u1', 4),
       ('u1', 5),
       ('u1', 6),
       ('u1', 7),
       ('u1', 8),
       ('u1', 9),
       ('u1', 10),
       ('u2', 1),
       ('u2', 2),
       ('u2', 3),
       ('u2', 4),
       ('u2', 5),
       ('u2', 6),
       ('u2', 7),
       ('u2', 8),
       ('u3', 1),
       ('u3', 2),
       ('u3', 3),
       ('u3', 4),
       ('u3', 5),
       ('u3', 6),
       ('u4', 1),
       ('u4', 2),
       ('u4', 3),
       ('u4', 4),
       ('u5', 1),
       ('u5', 2),
       ('u6', 1);

# 初始化模拟MBTI介绍信息
INSERT INTO mbti_intro (mbti, intro)
VALUES ('INTJ',
        'INTJ是分析型问题解决者，他们渴望用创新的思想改进系统和流程。他们擅长发现改进的可能性，无论是在工作中、家庭中还是自己身上。'),
       ('INTP',
        'INTP是哲学型创新者，对逻辑分析、系统和设计着迷。他们专注于理论，并寻找一切现象背后的普遍法则。他们希望理解生活中的统一主题，以及其中所有的复杂性。'),
       ('ENTJ',
        'ENTJ是战略型领导者，他们积极推动变革。他们很快发现效率低下，并构想出新的解决方案，喜欢制定长期计划来实现他们的愿景。他们擅长逻辑推理，通常口齿伶俐、机智敏捷。'),
       ('ENTP',
        'ENTP是受启发的创新者，他们积极寻找智力挑战性问题的新解决方案。他们充满好奇心和聪明才智，寻求理解围绕在他们周围的人、系统和原则。'),
       ('INFJ',
        'INFJ是具有强烈个人诚信感和帮助他人实现潜力的驱动力的创造性培育者。富有创造力和奉献精神，他们有一种帮助他人应对个人挑战的原创解决方案的才能。'),
       ('INFP',
        'INFP是富有想象力的理想主义者，受他们自己核心价值观和信念的指导。对于治愈者来说，可能性至关重要；眼下的现实只是短暂的关注点。他们看到了一个更美好未来的可能性，并用自己独特的风格追求真理和意义。'),
       ('ENFJ',
        'ENFJ是理想主义的组织者，他们驱使着将自己对人类最好的愿景付诸实施。由于他们能够看到他人潜力并且具有说服他人接受自己想法的魅力，他们经常充当人类成长的催化剂。'),
       ('ENFP',
        'ENFP是以人为中心的创造者，专注于可能性，并对新想法、人和活动充满了传染性的热情。充满活力、温暖而充满激情，ENFPs 喜欢帮助其他人探索他们的创造潜力。'),
       ('ISTJ',
        'ISTJ是负责任的组织者，他们驱使着在系统和机构内创造和执行秩序。他们内外整洁有序，并倾向于对所有做事情都有一套程序。'),
       ('ISFJ',
        'ISFJ是勤劳的照顾者，忠于传统和组织。他们务实、富有同情心和关爱心，积极为他人提供帮助并保护他们免受生活的危险。'),
       ('ESTJ',
        'ESTJ是勤奋的传统主义者，渴望在组织项目和人员方面承担责任。他们有序、遵纪守法、尽责，喜欢完成任务，并倾向于以系统化、有条理的方式进行项目。'),
       ('ESFJ',
        'ESFJ是尽责的帮助者，对他人的需求敏感，并充满热情地致力于自己的责任。他们高度关注自己的情感环境，关心他人的感受以及他人对他们的看法。'),
       ('ISTP',
        'ISTP是观察力强的艺术家，具有对机械的理解和解决问题的兴趣。他们以灵活的逻辑方式处理环境，寻找解决当前问题的实用方案。'),
       ('ISFP',
        'ISFP是温柔的照顾者，他们活在当下，并以愉快、低调的热情享受周围的环境。他们灵活、自然，喜欢随波逐流，享受生活的乐趣。'),
       ('ESTP',
        'ESTP是充满活力的寻求刺激的人，在处理问题时表现出最佳状态，无论是字面上的还是比喻上的。他们在与他人和周围世界的互动中带来一种动态能量感。'),
       ('ESFP',
        'ESFP是充满活力的表演者，能够迷住并吸引周围的人。他们 spontaneity、充满活力和热爱乐趣，喜欢周围的事物：食物、服装、自然、动物，尤其是人。');

# 初始化模拟MBTI测试题
INSERT INTO mbti_test (question)
VALUES
-- 外向/内向
('你更喜欢在一群人中度过时间，而不是独处'),
('你在聚会上总是第一个发言的人'),
('你在陌生人面前感觉自在'),
('你喜欢参与大型社交活动'),
('你喜欢在安静的地方独自工作'),
('你觉得与很多人交谈让你精疲力尽'),
('你喜欢与一小群朋友共度时光'),
('你更喜欢独自完成任务而不是团队合作'),
('你在公共场合演讲时感到紧张'),
('你觉得独处时能更好地充电'),

-- 感觉/直觉
('你更倾向于关注眼前的细节而不是远期的可能性'),
('你喜欢根据实际经验做决定'),
('你更喜欢遵循既定的流程和规章'),
('你常常依赖直觉做出决定'),
('你喜欢探索新的概念和想法'),
('你喜欢通过幻想和想象来放松自己'),
('你更关注现实世界中的事实和数据'),
('你喜欢分析复杂的问题并找出解决方案'),
('你倾向于相信自己的第六感'),
('你喜欢设想未来的可能性而不是关注现在的细节'),

-- 思考/情感
('你倾向于在决策时考虑逻辑和客观性'),
('你更关注任务的完成而不是人际关系'),
('你认为正直和诚实比关怀和同情更重要'),
('你喜欢在决策时考虑他人的感受'),
('你认为理解他人比陈述事实更重要'),
('你倾向于避免冲突和争论'),
('你更关注人际关系的和谐'),
('你认为自己是一个富有同情心的人'),
('你喜欢分析问题并找出最合理的解决方案'),
('你认为情感是决策过程中的重要因素'),

-- 判断/知觉
('你喜欢事先计划并组织好一切'),
('你倾向于提前完成任务'),
('你喜欢按照既定的时间表工作'),
('你在做决定时会考虑各种可能性'),
('你喜欢保持灵活和随意'),
('你倾向于拖延直到最后一刻'),
('你更喜欢在决定之前探索所有的选择'),
('你觉得计划会限制你的自由'),
('你更喜欢即兴处理问题而不是预先计划'),
('你认为变化和不确定性是生活的一部分'),

-- 其他题目
('你觉得在嘈杂的环境中难以集中注意力'),
('你更喜欢在安静的地方进行深度思考'),
('你通常会与团队分享你的创意和想法'),
('你喜欢尝试新事物和冒险'),
('你更喜欢按部就班地完成工作'),
('你觉得多任务处理是一种挑战'),
('你更喜欢通过实践而不是理论学习'),
('你认为自己是一个务实的人'),
('你喜欢设定目标并为之努力'),
('你认为自己是一个自律的人');
